Pipe,Perc_points,Perc_features,Accuracy(Risk),Precision(Risk),Recall(Risk),Risk_Count_Est(Risk),Risk_Count_Real(Risk)
Group.Auto+Neigh.kDistance_l2_k15_max,2.0,0.0,1.0,1.0,1.0,0.019672131147540985,0.019672131147540985
Group.Auto+Neigh.kDistance_l2_k15_max,3.0,0.0,1.0,1.0,1.0,0.03016393442622951,0.03016393442622951
Group.Auto+Neigh.kDistance_l2_k15_max,4.0,0.0,1.0,1.0,1.0,0.04,0.04
Group.Auto+Neigh.kDistance_l2_k15_max,5.0,0.0,1.0,1.0,1.0,0.049836065573770495,0.049836065573770495
Group.Auto+Neigh.kDistance_l2_k15_max,6.0,0.0,1.0,1.0,1.0,0.06032786885245902,0.06032786885245902
Group.Auto+Neigh.kDistance_l2_k15_max,7.0,0.0,1.0,1.0,1.0,0.07016393442622951,0.07016393442622951
Group.Auto+Neigh.kDistance_l2_k15_max,8.0,0.0,1.0,1.0,1.0,0.08,0.08
Group.Auto+Neigh.kDistance_l2_k15_max,9.0,0.0,1.0,1.0,1.0,0.0898360655737705,0.0898360655737705
Group.Auto+Neigh.kDistance_l2_k15_max,10.0,0.0,1.0,1.0,1.0,0.09967213114754099,0.09967213114754099
Group.Auto+Neigh.kDistance_l2_k15_max,11.0,0.0,1.0,1.0,1.0,0.11016393442622952,0.11016393442622952
