Pipe,Perc_points,Perc_features,Accuracy(Risk),Precision(Risk),Recall(Risk),Risk_Count_Est(Risk),Risk_Count_Real(Risk)
Distance.Boundary_max,2.0,0.0,1.0,1.0,1.0,0.01986024273630011,0.01986024273630011
Distance.Boundary_max,3.0,0.0,1.0,1.0,1.0,0.030158146377344607,0.030158146377344607
Distance.Boundary_max,4.0,0.0,1.0,1.0,1.0,0.04008826774549467,0.04008826774549467
Distance.Boundary_max,5.0,0.0,1.0,1.0,1.0,0.05001838911364472,0.05001838911364472
Distance.Boundary_max,6.0,0.0,1.0,1.0,1.0,0.05994851048179477,0.05994851048179477
Distance.Boundary_max,7.0,0.0,1.0,1.0,1.0,0.06987863184994483,0.06987863184994483
Distance.Boundary_max,8.0,0.0,1.0,1.0,1.0,0.08017653549098934,0.08017653549098934
Distance.Boundary_max,9.0,0.0,1.0,1.0,1.0,0.09010665685913939,0.09010665685913939
Distance.Boundary_max,10.0,0.0,1.0,1.0,1.0,0.10003677822728944,0.10003677822728944
Distance.Boundary_max,11.0,0.0,1.0,1.0,1.0,0.10996689959543951,0.10996689959543951
