Pipe,Perc_points,Perc_features,DELTA(AVG(Recall)),DELTA(AVG(Precision)),DELTA(AVG(Accuracy))
Group.Auto+Neigh.kDistance_l2_k50_div+RR N27,2.0,0.0,-0.014159292035398119,0.0034336709742964766,-0.004854726002206711
Group.Auto+Neigh.kDistance_l2_k50_div+RR N27,3.0,0.0,-0.03126843657817102,0.009859703052837121,-0.0097094520044132
Group.Auto+Neigh.kDistance_l2_k50_div+RR N27,4.0,0.0,-0.03053097345132727,0.014003700391212015,-0.007355645457889026
Group.Auto+Neigh.kDistance_l2_k50_div+RR N27,5.0,0.0,-0.04336283185840706,0.009897816592999598,-0.015373299006987806
Group.Auto+Neigh.kDistance_l2_k50_div+RR N27,6.0,0.0,-0.06445427728613573,0.027715567389608675,-0.017138653916881297
Group.Auto+Neigh.kDistance_l2_k50_div+RR N27,7.0,0.0,-0.09793510324483767,0.020704977898156507,-0.0362633321073923
Group.Auto+Neigh.kDistance_l2_k50_div+RR N27,8.0,0.0,-0.08702064896755157,0.016300682536120603,-0.03302684810592116
Group.Auto+Neigh.kDistance_l2_k50_div+RR N27,9.0,0.0,-0.1110619469026548,0.028978163684883818,-0.038984920926811384
Group.Auto+Neigh.kDistance_l2_k50_div+RR N27,10.0,0.0,-0.1292035398230088,0.0366068512918446,-0.04457521147480692
Group.Auto+Neigh.kDistance_l2_k50_div+RR N27,11.0,0.0,-0.1483775811209438,0.03243046219126278,-0.05553512320706133
