Pipe,Perc_points,Perc_features,DELTA(AVG(Recall)),DELTA(AVG(Precision)),DELTA(AVG(Accuracy))
Group.Auto+Neigh.kDistance_l2_k50_div+Sink N03,2.0,0.0,-0.014601769911504525,-0.016988440416513706,-0.015741081279882163
Group.Auto+Neigh.kDistance_l2_k50_div+Sink N03,3.0,0.0,-0.06415929203539827,0.015190319801819063,-0.02287605737403453
Group.Auto+Neigh.kDistance_l2_k50_div+Sink N03,4.0,0.0,-0.05914454277286152,0.010334958886404455,-0.02280250091945568
Group.Auto+Neigh.kDistance_l2_k50_div+Sink N03,5.0,0.0,-0.08333333333333359,0.00269115925094221,-0.03795513056270672
Group.Auto+Neigh.kDistance_l2_k50_div+Sink N03,6.0,0.0,-0.0766961651917406,0.015596323548885072,-0.028687017285766614
Group.Auto+Neigh.kDistance_l2_k50_div+Sink N03,7.0,0.0,-0.09542772861356941,0.02674236415417841,-0.0326590658330268
Group.Auto+Neigh.kDistance_l2_k50_div+Sink N03,8.0,0.0,-0.12138643067846633,0.0034288280884424704,-0.05546156675248248
Group.Auto+Neigh.kDistance_l2_k50_div+Sink N03,9.0,0.0,-0.12064896755162258,0.0020147799933472044,-0.05575579257079799
Group.Auto+Neigh.kDistance_l2_k50_div+Sink N03,10.0,0.0,-0.13967551622418894,0.0003182693038152884,-0.06546524457521141
Group.Auto+Neigh.kDistance_l2_k50_div+Sink N03,11.0,0.0,-0.14911504424778765,0.022583567329867993,-0.060389849209268154
