Pipe,Perc_points,Perc_features,DELTA(AVG(Recall)),DELTA(AVG(Precision)),DELTA(AVG(Accuracy))
Group.Auto+Neigh.kDistance_l2_k50_div+Sink N09,2.0,0.0,-0.0321533923303835,0.03127400303210626,0.0027951452739977123
Group.Auto+Neigh.kDistance_l2_k50_div+Sink N09,3.0,0.0,-0.031710914454277206,0.0184766347913341,-0.003751379183523418
Group.Auto+Neigh.kDistance_l2_k50_div+Sink N09,4.0,0.0,-0.08392330383480817,0.035160812306198275,-0.018830452372195716
Group.Auto+Neigh.kDistance_l2_k50_div+Sink N09,5.0,0.0,-0.05722713864306794,0.05186425303772302,0.001544685546156721
Group.Auto+Neigh.kDistance_l2_k50_div+Sink N09,6.0,0.0,-0.07315634218289091,0.05013776271333881,-0.0066936373666790505
Group.Auto+Neigh.kDistance_l2_k50_div+Sink N09,7.0,0.0,-0.08480825958702054,0.03338292187256153,-0.02008091210003682
Group.Auto+Neigh.kDistance_l2_k50_div+Sink N09,8.0,0.0,-0.12374631268436576,0.04713741628969237,-0.03155571901434351
Group.Auto+Neigh.kDistance_l2_k50_div+Sink N09,9.0,0.0,-0.1176991150442479,0.032128200980496624,-0.035674880470761394
Group.Auto+Neigh.kDistance_l2_k50_div+Sink N09,10.0,0.0,-0.14660766961651917,0.07340203530785472,-0.031040823832291453
Group.Auto+Neigh.kDistance_l2_k50_div+Sink N09,11.0,0.0,-0.13348082595870203,0.05494494322479293,-0.03265906583302702
