Pipe,Perc_points,Perc_features,DELTA(AVG(Recall)),DELTA(AVG(Precision)),DELTA(AVG(Accuracy))
Group.Auto+Neigh.kDistance_l2_k50_div+RR N15,2.0,0.0,-0.010619469026548645,0.01114440412198392,0.0007355645457888249
Group.Auto+Neigh.kDistance_l2_k50_div+RR N15,3.0,0.0,-0.020943952802359944,0.008794435752576546,-0.005296064729679917
Group.Auto+Neigh.kDistance_l2_k50_div+RR N15,4.0,0.0,-0.042035398230088505,0.0188110948878929,-0.010371460095623397
Group.Auto+Neigh.kDistance_l2_k50_div+RR N15,5.0,0.0,-0.05265486725663704,0.021712982980299445,-0.014049282824567855
Group.Auto+Neigh.kDistance_l2_k50_div+RR N15,6.0,0.0,-0.07315634218289091,0.022983536048612918,-0.023243839646928888
Group.Auto+Neigh.kDistance_l2_k50_div+RR N15,7.0,0.0,-0.07699115044247784,0.030790776845370127,-0.02155204119161447
Group.Auto+Neigh.kDistance_l2_k50_div+RR N15,8.0,0.0,-0.10958702064896753,0.025608646546091296,-0.03949981610886344
Group.Auto+Neigh.kDistance_l2_k50_div+RR N15,9.0,0.0,-0.11769911504424779,0.022517750145779725,-0.04472232438396462
Group.Auto+Neigh.kDistance_l2_k50_div+RR N15,10.0,0.0,-0.131268436578171,0.033342958282886914,-0.04663479220301581
Group.Auto+Neigh.kDistance_l2_k50_div+RR N15,11.0,0.0,-0.13879056047197647,0.03953543635739265,-0.04773813902169921
