Pipe,Perc_points,Perc_features,DELTA(AVG(Recall)),DELTA(AVG(Precision)),DELTA(AVG(Accuracy))
Group.Auto+Neigh.kDistance_l2_k50_div+RR N21,2.0,0.0,-0.02595870206489681,0.020095302491818234,-0.001912467819051078
Group.Auto+Neigh.kDistance_l2_k50_div+RR N21,3.0,0.0,-0.01976401179941012,0.01669526919580544,-0.0006620080912101978
Group.Auto+Neigh.kDistance_l2_k50_div+RR N21,4.0,0.0,-0.03775811209439539,0.028172903431808338,-0.0036042662743654974
Group.Auto+Neigh.kDistance_l2_k50_div+RR N21,5.0,0.0,-0.06814159292035404,0.03443313672267012,-0.01522618609783033
Group.Auto+Neigh.kDistance_l2_k50_div+RR N21,6.0,0.0,-0.06253687315634227,0.0392225275680268,-0.010371460095623397
Group.Auto+Neigh.kDistance_l2_k50_div+RR N21,7.0,0.0,-0.07256637168141589,0.04033054626291899,-0.014711290915777941
Group.Auto+Neigh.kDistance_l2_k50_div+RR N21,8.0,0.0,-0.12094395280236003,0.04145598944521578,-0.03758734828981247
Group.Auto+Neigh.kDistance_l2_k50_div+RR N21,9.0,0.0,-0.12168141592920356,0.037745815389522264,-0.03949981610886366
Group.Auto+Neigh.kDistance_l2_k50_div+RR N21,10.0,0.0,-0.13038348082595874,0.03737342439721414,-0.043839646929018095
Group.Auto+Neigh.kDistance_l2_k50_div+RR N21,11.0,0.0,-0.1405604719764012,0.04397724398452574,-0.04604634056638479
