Pipe,Perc_points,Perc_features,DELTA(AVG(Recall)),DELTA(AVG(Precision)),DELTA(AVG(Accuracy))
Group.Auto+Neigh.kDistance_l2_k50_div+RR N03,2.0,0.0,-0.03318584070796471,-0.0018854145675252232,-0.01669731518940787
Group.Auto+Neigh.kDistance_l2_k50_div+RR N03,3.0,0.0,-0.04970501474926259,0.015378614693223325,-0.016035307098198004
Group.Auto+Neigh.kDistance_l2_k50_div+RR N03,4.0,0.0,-0.05516224188790542,0.01610976101601458,-0.01831555719014344
Group.Auto+Neigh.kDistance_l2_k50_div+RR N03,5.0,0.0,-0.07507374631268449,0.02286743232592292,-0.02478852519308572
Group.Auto+Neigh.kDistance_l2_k50_div+RR N03,6.0,0.0,-0.08879056047197642,0.020709935185933226,-0.032438396469290254
Group.Auto+Neigh.kDistance_l2_k50_div+RR N03,7.0,0.0,-0.11932153392330391,0.021616322677500244,-0.046855461566752576
Group.Auto+Neigh.kDistance_l2_k50_div+RR N03,8.0,0.0,-0.12831858407079655,0.018485039660954383,-0.05259286502390581
Group.Auto+Neigh.kDistance_l2_k50_div+RR N03,9.0,0.0,-0.1556047197640119,0.015637563961417023,-0.06700993012136824
Group.Auto+Neigh.kDistance_l2_k50_div+RR N03,10.0,0.0,-0.15943952802359884,0.029402239394688223,-0.06311143802868713
Group.Auto+Neigh.kDistance_l2_k50_div+RR N03,11.0,0.0,-0.185693215339233,0.02880643842743935,-0.07620448694372939
