Pipe,Perc_points,Perc_features,DELTA(AVG(Recall)),DELTA(AVG(Precision)),DELTA(AVG(Accuracy))
Group.Auto+Neigh.kDistance_l2_k50_div+RR N09,2.0,0.0,-0.010619469026548756,0.007775498932598657,-0.0009562339095257055
Group.Auto+Neigh.kDistance_l2_k50_div+RR N09,3.0,0.0,-0.01651917404129788,0.009483134737774845,-0.0028687017285768945
Group.Auto+Neigh.kDistance_l2_k50_div+RR N09,4.0,0.0,-0.04085545722713857,0.017978376870977697,-0.010224347186465699
Group.Auto+Neigh.kDistance_l2_k50_div+RR N09,5.0,0.0,-0.047492625368731445,0.01917527459902746,-0.012798823096726863
Group.Auto+Neigh.kDistance_l2_k50_div+RR N09,6.0,0.0,-0.0612094395280236,0.02246565543528667,-0.017800662008091384
Group.Auto+Neigh.kDistance_l2_k50_div+RR N09,7.0,0.0,-0.08082595870206477,0.022549262070497123,-0.027142331739610226
Group.Auto+Neigh.kDistance_l2_k50_div+RR N09,8.0,0.0,-0.08274336283185835,0.02833046013995777,-0.025450533284295807
Group.Auto+Neigh.kDistance_l2_k50_div+RR N09,9.0,0.0,-0.11873156342182878,0.025835496160321658,-0.043839646929018206
Group.Auto+Neigh.kDistance_l2_k50_div+RR N09,10.0,0.0,-0.1265486725663716,0.031026289176801503,-0.045384332475174816
Group.Auto+Neigh.kDistance_l2_k50_div+RR N09,11.0,0.0,-0.1504424778761061,0.030810023263484365,-0.057006252298639315
