Pipe,Perc_points,Perc_features,DELTA(AVG(Recall)),DELTA(AVG(Precision)),DELTA(AVG(Accuracy))
Group.Auto+Neigh.kDistance_l2_k50_div+Sink N15,2.0,0.0,-0.010471976401179917,0.006357671617169713,-0.001176903273262364
Group.Auto+Neigh.kDistance_l2_k50_div+Sink N15,3.0,0.0,-0.07625368731563431,0.03282707299145726,-0.017432879735196916
Group.Auto+Neigh.kDistance_l2_k50_div+Sink N15,4.0,0.0,-0.05398230088495559,0.032761975575383184,-0.007208532548731328
Group.Auto+Neigh.kDistance_l2_k50_div+Sink N15,5.0,0.0,-0.05884955752212384,0.017744247706869998,-0.01684442809856579
Group.Auto+Neigh.kDistance_l2_k50_div+Sink N15,6.0,0.0,-0.12846607669616505,0.04281110806042354,-0.03699889665318146
Group.Auto+Neigh.kDistance_l2_k50_div+Sink N15,7.0,0.0,-0.11268436578171093,0.0405129433402488,-0.030673041559396874
Group.Auto+Neigh.kDistance_l2_k50_div+Sink N15,8.0,0.0,-0.1110619469026548,0.055218464027408154,-0.02346450901066577
Group.Auto+Neigh.kDistance_l2_k50_div+Sink N15,9.0,0.0,-0.15014749262536875,0.04286000684622837,-0.047002574475910275
Group.Auto+Neigh.kDistance_l2_k50_div+Sink N15,10.0,0.0,-0.10442477876106193,0.054039150069471686,-0.020890033100404604
Group.Auto+Neigh.kDistance_l2_k50_div+Sink N15,11.0,0.0,-0.17699115044247782,0.04906522149131054,-0.057006252298639204
