Pipe,Perc_points,Perc_features,DELTA(AVG(Recall)),DELTA(AVG(Precision)),DELTA(AVG(Accuracy))
Group.Auto+Neigh.kDistance_l2_k50_div+RR N33,2.0,0.0,-0.02610619469026554,0.010306275140886112,-0.006987863184994558
Group.Auto+Neigh.kDistance_l2_k50_div+RR N33,3.0,0.0,-0.02197640117994104,0.017474353711793178,-0.001544685546156721
Group.Auto+Neigh.kDistance_l2_k50_div+RR N33,4.0,0.0,-0.030383480825958653,0.013636698076550102,-0.007355645457889026
Group.Auto+Neigh.kDistance_l2_k50_div+RR N33,5.0,0.0,-0.06548672566371672,0.03463124166410392,-0.014343508642883362
Group.Auto+Neigh.kDistance_l2_k50_div+RR N33,6.0,0.0,-0.05943952802359875,0.028312174423296033,-0.014269952188304735
Group.Auto+Neigh.kDistance_l2_k50_div+RR N33,7.0,0.0,-0.07566371681415918,0.0384437304395957,-0.017579992644354503
Group.Auto+Neigh.kDistance_l2_k50_div+RR N33,8.0,0.0,-0.08584070796460175,0.02671291343858828,-0.027583670467083543
Group.Auto+Neigh.kDistance_l2_k50_div+RR N33,9.0,0.0,-0.10958702064896753,0.038753086608960485,-0.033835969106289054
Group.Auto+Neigh.kDistance_l2_k50_div+RR N33,10.0,0.0,-0.11120943952802365,0.03762897260989284,-0.03508642883413027
Group.Auto+Neigh.kDistance_l2_k50_div+RR N33,11.0,0.0,-0.12743362831858407,0.03573632142473304,-0.043692534019860174
