Pipe,Perc_points,Perc_features,DELTA(AVG(Recall)),DELTA(AVG(Precision)),DELTA(AVG(Accuracy))
Group.Auto+Neigh.kDistance_l2_k50_div+Sink N21,2.0,0.0,-0.05958702064896748,0.03184700523199313,-0.010077234277307778
Group.Auto+Neigh.kDistance_l2_k50_div+Sink N21,3.0,0.0,-0.08628318584070804,0.01719650529700023,-0.029349025376976923
Group.Auto+Neigh.kDistance_l2_k50_div+Sink N21,4.0,0.0,-0.01637168141592915,-0.0051426986913161166,-0.01000367782272893
Group.Auto+Neigh.kDistance_l2_k50_div+Sink N21,5.0,0.0,-0.09646017699115039,0.02489705020808608,-0.030231702831923668
Group.Auto+Neigh.kDistance_l2_k50_div+Sink N21,6.0,0.0,-0.07684365781710911,0.019465245160088296,-0.023979404192717935
Group.Auto+Neigh.kDistance_l2_k50_div+Sink N21,7.0,0.0,-0.10250737463126836,0.060771417244683046,-0.01677087164398683
Group.Auto+Neigh.kDistance_l2_k50_div+Sink N21,8.0,0.0,-0.16120943952802358,0.05756141070897236,-0.04589922765722687
Group.Auto+Neigh.kDistance_l2_k50_div+Sink N21,9.0,0.0,-0.1519174041297935,0.04938393212291181,-0.0449429937477015
Group.Auto+Neigh.kDistance_l2_k50_div+Sink N21,10.0,0.0,-0.15796460176991156,0.06405214143044269,-0.041853622655388056
Group.Auto+Neigh.kDistance_l2_k50_div+Sink N21,11.0,0.0,-0.169174041297935,0.05197650113110075,-0.051930856932695946
