Pipe,Perc_points,Perc_features,DELTA(AVG(Recall)),DELTA(AVG(Precision)),DELTA(AVG(Accuracy))
Group.Auto+Neigh.kDistance_l2_k50_div+Sink N27,2.0,0.0,-0.03761061946902666,0.014706530349645863,-0.009047443913203224
Group.Auto+Neigh.kDistance_l2_k50_div+Sink N27,3.0,0.0,-0.043657817109144514,0.02302647259477264,-0.007796984185362121
Group.Auto+Neigh.kDistance_l2_k50_div+Sink N27,4.0,0.0,-0.05368731563421836,0.05280430088593091,0.0013240161824199514
Group.Auto+Neigh.kDistance_l2_k50_div+Sink N27,5.0,0.0,-0.06607669616519174,0.03120383470086807,-0.014196395733725664
Group.Auto+Neigh.kDistance_l2_k50_div+Sink N27,6.0,0.0,-0.05884955752212395,0.01925210469630212,-0.0164766458256711
Group.Auto+Neigh.kDistance_l2_k50_div+Sink N27,7.0,0.0,-0.11784660766961663,0.027736156046760385,-0.03949981610886355
Group.Auto+Neigh.kDistance_l2_k50_div+Sink N27,8.0,0.0,-0.11828908554572282,0.038619557661289994,-0.035012872379551196
Group.Auto+Neigh.kDistance_l2_k50_div+Sink N27,9.0,0.0,-0.13923303834808265,0.0687926029414736,-0.03273262228760565
Group.Auto+Neigh.kDistance_l2_k50_div+Sink N27,10.0,0.0,-0.13716814159292046,0.03320109228509294,-0.04597278411180583
Group.Auto+Neigh.kDistance_l2_k50_div+Sink N27,11.0,0.0,-0.19262536873156355,0.054959813518996814,-0.06340566384700241
