Pipe,Perc_points,Perc_features,DELTA(AVG(Recall)),DELTA(AVG(Precision)),DELTA(AVG(Accuracy))
Group.Auto+Neigh.kDistance_l2_k50_div+Sink N33,2.0,0.0,-0.04070796460176995,0.007841086953256027,-0.014196395733725664
Group.Auto+Neigh.kDistance_l2_k50_div+Sink N33,3.0,0.0,-0.06135693215339233,0.03610421579054468,-0.010592129459359945
Group.Auto+Neigh.kDistance_l2_k50_div+Sink N33,4.0,0.0,-0.04395280235988197,0.005829235055829662,-0.01655020228025017
Group.Auto+Neigh.kDistance_l2_k50_div+Sink N33,5.0,0.0,-0.15073746312684366,0.04397246662167331,-0.04928282456785593
Group.Auto+Neigh.kDistance_l2_k50_div+Sink N33,6.0,0.0,-0.10752212389380533,0.03502872735750062,-0.0326590658330268
Group.Auto+Neigh.kDistance_l2_k50_div+Sink N33,7.0,0.0,-0.12728613569321523,0.03441254620897671,-0.042074292019124604
Group.Auto+Neigh.kDistance_l2_k50_div+Sink N33,8.0,0.0,-0.12831858407079633,0.03670143941766424,-0.0416329532916514
Group.Auto+Neigh.kDistance_l2_k50_div+Sink N33,9.0,0.0,-0.18023598820059006,0.026761466207279483,-0.06965796248620815
Group.Auto+Neigh.kDistance_l2_k50_div+Sink N33,10.0,0.0,-0.1473451327433627,0.05562047857407504,-0.04325119529238697
Group.Auto+Neigh.kDistance_l2_k50_div+Sink N33,11.0,0.0,-0.16415929203539825,0.057662928741718744,-0.05053328429569692
