Pipe,Perc_points,Perc_features,DELTA(AVG(Recall)),DELTA(AVG(Precision)),DELTA(AVG(Accuracy))
Group.Auto+Neigh.kDistance_l2_k50_div+Sink N15,0.0,0.0,-0.1110619469026548,-0.10705323950003276,-0.10849577050386161
Group.Auto+Neigh.kDistance_l2_k50_div+Sink N15,2.0,0.0,-0.08938053097345122,-0.10069556788286305,-0.09363736667892619
Group.Auto+Neigh.kDistance_l2_k50_div+Sink N15,3.0,0.0,-0.14469026548672592,-0.0742261665085755,-0.10467083486575957
Group.Auto+Neigh.kDistance_l2_k50_div+Sink N15,4.0,0.0,-0.11061946902654851,-0.07429126392464958,-0.08856197131298293
Group.Auto+Neigh.kDistance_l2_k50_div+Sink N15,5.0,0.0,-0.11342182890855457,-0.08930899179316276,-0.09716807649871273
Group.Auto+Neigh.kDistance_l2_k50_div+Sink N15,6.0,0.0,-0.17050147492625345,-0.06424213143960922,-0.11107024641412289
Group.Auto+Neigh.kDistance_l2_k50_div+Sink N15,7.0,0.0,-0.14351032448377588,-0.06654029615978396,-0.09915410077234277
Group.Auto+Neigh.kDistance_l2_k50_div+Sink N15,8.0,0.0,-0.13377581120943938,-0.051834775472624606,-0.08789996322177274
Group.Auto+Neigh.kDistance_l2_k50_div+Sink N15,9.0,0.0,-0.1446902654867257,-0.06419323265380439,-0.09738874586244928
Group.Auto+Neigh.kDistance_l2_k50_div+Sink N15,10.0,0.0,-0.09159292035398237,-0.05301408943056107,-0.06759838175799915
Group.Auto+Neigh.kDistance_l2_k50_div+Sink N15,11.0,0.0,-0.15693215339233035,-0.05798801800872222,-0.10011033468186825
