Pipe,Perc_points,Perc_features,DELTA(AVG(Recall)),DELTA(AVG(Precision)),DELTA(AVG(Accuracy))
Group.Auto+Neigh.kDistance_l2_k50_div+RR N15,0.0,0.0,-0.08259587020648962,-0.06357846370741937,-0.07223243839646931
Group.Auto+Neigh.kDistance_l2_k50_div+RR N15,2.0,0.0,-0.05339233038348079,-0.052434059585435455,-0.05163663111438044
Group.Auto+Neigh.kDistance_l2_k50_div+RR N15,3.0,0.0,-0.04306784660766971,-0.05478402795484283,-0.04737035674880463
Group.Auto+Neigh.kDistance_l2_k50_div+RR N15,4.0,0.0,-0.04498525073746318,-0.044767368819526476,-0.0428834130194925
Group.Auto+Neigh.kDistance_l2_k50_div+RR N15,5.0,0.0,-0.035693215339232975,-0.04186548072711993,-0.03663111438028688
Group.Auto+Neigh.kDistance_l2_k50_div+RR N15,6.0,0.0,-0.03628318584070822,-0.04059492765880646,-0.03589554983449794
Group.Auto+Neigh.kDistance_l2_k50_div+RR N15,7.0,0.0,-0.02020648967551608,-0.03278768686204925,-0.024273630011033553
Group.Auto+Neigh.kDistance_l2_k50_div+RR N15,8.0,0.0,-0.03215339233038339,-0.03796981716132808,-0.031923501287237865
Group.Auto+Neigh.kDistance_l2_k50_div+RR N15,9.0,0.0,-0.020353982300885032,-0.04106071356163965,-0.027215888194188964
Group.Auto+Neigh.kDistance_l2_k50_div+RR N15,10.0,0.0,-0.01401179941002939,-0.03023550542453246,-0.019198234645090184
Group.Auto+Neigh.kDistance_l2_k50_div+RR N15,11.0,0.0,-0.00162241887905612,-0.024043027350026724,-0.010371460095623397
