Pipe,Perc_points,Perc_features,DELTA(AVG(Recall)),DELTA(AVG(Precision)),DELTA(AVG(Accuracy))
Group.Auto+Neigh.kDistance_l2_k50_div+Sink N03,0.0,0.0,-0.06622418879056025,-0.054964151594619315,-0.060095623390952646
Group.Auto+Neigh.kDistance_l2_k50_div+Sink N03,2.0,0.0,-0.0410029498525073,-0.07195259201113302,-0.05597646193453476
Group.Auto+Neigh.kDistance_l2_k50_div+Sink N03,3.0,0.0,-0.06991150442477867,-0.03977383179280025,-0.05281353438764258
Group.Auto+Neigh.kDistance_l2_k50_div+Sink N03,4.0,0.0,-0.04572271386430682,-0.04462919270821486,-0.04317763883780812
Group.Auto+Neigh.kDistance_l2_k50_div+Sink N03,5.0,0.0,-0.050000000000000155,-0.052272992343677105,-0.048400147112909075
Group.Auto+Neigh.kDistance_l2_k50_div+Sink N03,6.0,0.0,-0.023451327433628544,-0.03936782804573424,-0.029201912467819002
Group.Auto+Neigh.kDistance_l2_k50_div+Sink N03,7.0,0.0,-0.022271386430678275,-0.028221787440440904,-0.02324383964692922
Group.Auto+Neigh.kDistance_l2_k50_div+Sink N03,8.0,0.0,-0.02758112094395282,-0.051535323506176844,-0.03574843692534024
Group.Auto+Neigh.kDistance_l2_k50_div+Sink N03,9.0,0.0,-0.006932153392330442,-0.05294937160127211,-0.02611254137550567
Group.Auto+Neigh.kDistance_l2_k50_div+Sink N03,10.0,0.0,-0.006047197640117963,-0.054645882290804026,-0.025891872011769124
Group.Auto+Neigh.kDistance_l2_k50_div+Sink N03,11.0,0.0,0.004424778761062065,-0.03238058426475132,-0.010886355277675674
