Pipe,Perc_points,Perc_features,DELTA(AVG(Recall)),DELTA(AVG(Precision)),DELTA(AVG(Accuracy))
Group.Auto+Neigh.kDistance_l2_k50_div+Sink N09,0.0,0.0,-0.09336283185840699,-0.11380660309464119,-0.1045972784111805
Group.Auto+Neigh.kDistance_l2_k50_div+Sink N09,2.0,0.0,-0.09336283185840699,-0.08253260006253493,-0.085766826038985
Group.Auto+Neigh.kDistance_l2_k50_div+Sink N09,3.0,0.0,-0.082448377581121,-0.09532996830330709,-0.08709084222140495
Group.Auto+Neigh.kDistance_l2_k50_div+Sink N09,4.0,0.0,-0.12286135693215328,-0.07864579078844292,-0.0962853990437662
Group.Auto+Neigh.kDistance_l2_k50_div+Sink N09,5.0,0.0,-0.09410029498525085,-0.06194235005691817,-0.0748804707613091
Group.Auto+Neigh.kDistance_l2_k50_div+Sink N09,6.0,0.0,-0.09749262536873149,-0.06366884038130238,-0.07686649503493936
Group.Auto+Neigh.kDistance_l2_k50_div+Sink N09,7.0,0.0,-0.09793510324483767,-0.08042368122207966,-0.0846634792203016
Group.Auto+Neigh.kDistance_l2_k50_div+Sink N09,8.0,0.0,-0.1287610619469025,-0.06666918680494882,-0.09209268113276936
Group.Auto+Neigh.kDistance_l2_k50_div+Sink N09,9.0,0.0,-0.09454277286135704,-0.08167840211414457,-0.08216255976461928
Group.Auto+Neigh.kDistance_l2_k50_div+Sink N09,10.0,0.0,-0.11607669616519178,-0.04040456778678647,-0.07385068039720488
Group.Auto+Neigh.kDistance_l2_k50_div+Sink N09,11.0,0.0,-0.09572271386430675,-0.05886165986984826,-0.07186465612357495
