Pipe,Perc_points,Perc_features,DELTA(AVG(Recall)),DELTA(AVG(Precision)),DELTA(AVG(Accuracy))
Group.Auto+Neigh.kDistance_l2_k50_div+RR N21,0.0,0.0,-0.09159292035398214,-0.07163842716470836,-0.08061787421846256
Group.Auto+Neigh.kDistance_l2_k50_div+RR N21,2.0,0.0,-0.08539823008849545,-0.05154312467289013,-0.06649503493931586
Group.Auto+Neigh.kDistance_l2_k50_div+RR N21,3.0,0.0,-0.06873156342182907,-0.05494315796890292,-0.0600220669363738
Group.Auto+Neigh.kDistance_l2_k50_div+RR N21,4.0,0.0,-0.07492625368731565,-0.043465523732900024,-0.05707980875321805
Group.Auto+Neigh.kDistance_l2_k50_div+RR N21,5.0,0.0,-0.1032448377581121,-0.03720529044203824,-0.06767193821257822
Group.Auto+Neigh.kDistance_l2_k50_div+RR N21,6.0,0.0,-0.085103244837758,-0.03241589959668156,-0.056564913571165776
Group.Auto+Neigh.kDistance_l2_k50_div+RR N21,7.0,0.0,-0.08392330383480817,-0.031307880901789376,-0.055314453843324785
Group.Auto+Neigh.kDistance_l2_k50_div+RR N21,8.0,0.0,-0.12418879056047194,-0.030182437719492583,-0.07414490621552039
Group.Auto+Neigh.kDistance_l2_k50_div+RR N21,9.0,0.0,-0.09675516224188785,-0.0338926117751861,-0.06200809121000361
Group.Auto+Neigh.kDistance_l2_k50_div+RR N21,10.0,0.0,-0.09808259587020651,-0.034265002767494224,-0.06267009930121359
Group.Auto+Neigh.kDistance_l2_k50_div+RR N21,11.0,0.0,-0.10103244837758107,-0.027661183180182625,-0.06127252666421479
