Pipe,Perc_points,Perc_features,DELTA(AVG(Recall)),DELTA(AVG(Precision)),DELTA(AVG(Accuracy))
Group.Auto+Neigh.kDistance_l2_k50_div+Sink N27,0.0,0.0,-0.1438053097345131,-0.1045009971812012,-0.12166237587348294
Group.Auto+Neigh.kDistance_l2_k50_div+Sink N27,2.0,0.0,-0.1415929203539823,-0.08979446683155534,-0.11084957705038612
Group.Auto+Neigh.kDistance_l2_k50_div+Sink N27,3.0,0.0,-0.12699115044247777,-0.08147452458642856,-0.09930121368150047
Group.Auto+Neigh.kDistance_l2_k50_div+Sink N27,4.0,0.0,-0.11784660766961652,-0.051696696295270295,-0.08061787421846278
Group.Auto+Neigh.kDistance_l2_k50_div+Sink N27,5.0,0.0,-0.11032448377581117,-0.07329716248033313,-0.08620816476645832
Group.Auto+Neigh.kDistance_l2_k50_div+Sink N27,6.0,0.0,-0.08318584070796475,-0.08524889248489909,-0.07855829349025378
Group.Auto+Neigh.kDistance_l2_k50_div+Sink N27,7.0,0.0,-0.12227138643067836,-0.07676484113444082,-0.09165134240529627
Group.Auto+Neigh.kDistance_l2_k50_div+Sink N27,8.0,0.0,-0.10206489675516217,-0.06588143951991121,-0.07686649503493925
Group.Auto+Neigh.kDistance_l2_k50_div+Sink N27,9.0,0.0,-0.10309734513274338,-0.0357083942397276,-0.06465612357484363
Group.Auto+Neigh.kDistance_l2_k50_div+Sink N27,10.0,0.0,-0.08112094395280234,-0.07129990489610827,-0.06796616403089384
Group.Auto+Neigh.kDistance_l2_k50_div+Sink N27,11.0,0.0,-0.1166666666666667,-0.04954118366220439,-0.07546892239794023
