Pipe,Perc_points,Perc_features,DELTA(AVG(Recall)),DELTA(AVG(Precision)),DELTA(AVG(Accuracy))
Group.Auto+Neigh.kDistance_l2_k50_div+RR N15,0.0,0.0,-0.08259587020648962,-0.06357846370741937,-0.07223243839646931
Group.Auto+Neigh.kDistance_l2_k50_div+RR N15,2.0,0.0,-0.06106194690265476,-0.052434059585435455,-0.055461566752482705
Group.Auto+Neigh.kDistance_l2_k50_div+RR N15,3.0,0.0,-0.06091445427728637,-0.05478402795484283,-0.05627068775285027
Group.Auto+Neigh.kDistance_l2_k50_div+RR N15,4.0,0.0,-0.07020648967551624,-0.044767368819526476,-0.055461566752482705
Group.Auto+Neigh.kDistance_l2_k50_div+RR N15,5.0,0.0,-0.07876106194690258,-0.04186548072711993,-0.0581095991173225
Group.Auto+Neigh.kDistance_l2_k50_div+RR N15,6.0,0.0,-0.08672566371681412,-0.04059492765880646,-0.06105185730047802
Group.Auto+Neigh.kDistance_l2_k50_div+RR N15,7.0,0.0,-0.0793510324483776,-0.03278768686204925,-0.053769768297168063
Group.Auto+Neigh.kDistance_l2_k50_div+RR N15,8.0,0.0,-0.10383480825958691,-0.03796981716132808,-0.06767193821257811
Group.Auto+Neigh.kDistance_l2_k50_div+RR N15,9.0,0.0,-0.08377581120943955,-0.04106071356163965,-0.05884516366311132
Group.Auto+Neigh.kDistance_l2_k50_div+RR N15,10.0,0.0,-0.08997050147492625,-0.03023550542453246,-0.05707980875321805
Group.Auto+Neigh.kDistance_l2_k50_div+RR N15,11.0,0.0,-0.09026548672566381,-0.024043027350026724,-0.05457888929753596
