Pipe,Perc_points,Perc_features,DELTA(AVG(Recall)),DELTA(AVG(Precision)),DELTA(AVG(Accuracy))
Group.Auto+Neigh.kDistance_l2_k50_div+Sink N09,0.0,0.0,-0.09336283185840699,-0.11380660309464119,-0.1045972784111805
Group.Auto+Neigh.kDistance_l2_k50_div+Sink N09,2.0,0.0,-0.08569321533923302,-0.08253260006253493,-0.08194189040088273
Group.Auto+Neigh.kDistance_l2_k50_div+Sink N09,3.0,0.0,-0.06460176991150435,-0.09532996830330709,-0.07819051121735932
Group.Auto+Neigh.kDistance_l2_k50_div+Sink N09,4.0,0.0,-0.09764011799410022,-0.07864579078844292,-0.083707245310776
Group.Auto+Neigh.kDistance_l2_k50_div+Sink N09,5.0,0.0,-0.05103244837758125,-0.06194235005691817,-0.053401986024273485
Group.Auto+Neigh.kDistance_l2_k50_div+Sink N09,6.0,0.0,-0.047050147492625594,-0.06366884038130238,-0.05171018756895929
Group.Auto+Neigh.kDistance_l2_k50_div+Sink N09,7.0,0.0,-0.038790560471976154,-0.08042368122207966,-0.055167340934167086
Group.Auto+Neigh.kDistance_l2_k50_div+Sink N09,8.0,0.0,-0.05707964601769899,-0.06666918680494882,-0.05634424420742912
Group.Auto+Neigh.kDistance_l2_k50_div+Sink N09,9.0,0.0,-0.031120943952802516,-0.08167840211414457,-0.05053328429569692
Group.Auto+Neigh.kDistance_l2_k50_div+Sink N09,10.0,0.0,-0.04011799410029493,-0.04040456778678647,-0.03596910628907701
Group.Auto+Neigh.kDistance_l2_k50_div+Sink N09,11.0,0.0,-0.0070796460176990594,-0.05886165986984826,-0.027657226921662392
