Pipe,Perc_points,Perc_features,DELTA(AVG(Recall)),DELTA(AVG(Precision)),DELTA(AVG(Accuracy))
Group.Auto+Neigh.kDistance_l2_k50_div+RR N03,0.0,0.0,-0.04306784660766949,-0.04703557601149022,-0.045016550202280126
Group.Auto+Neigh.kDistance_l2_k50_div+RR N03,2.0,0.0,-0.0441002949852507,-0.048920990579015444,-0.04567855829349021
Group.Auto+Neigh.kDistance_l2_k50_div+RR N03,3.0,0.0,-0.050147492625368884,-0.031656961318266896,-0.03979404192717917
Group.Auto+Neigh.kDistance_l2_k50_div+RR N03,4.0,0.0,-0.04380530973451302,-0.030925814995475642,-0.03618977565281356
Group.Auto+Neigh.kDistance_l2_k50_div+RR N03,5.0,0.0,-0.0616519174041299,-0.0241681436855673,-0.041632953291651176
Group.Auto+Neigh.kDistance_l2_k50_div+RR N03,6.0,0.0,-0.0628318584070795,-0.026325640825556995,-0.0430305259286502
Group.Auto+Neigh.kDistance_l2_k50_div+RR N03,7.0,0.0,-0.08215339233038355,-0.025419253333989977,-0.051857300478116986
Group.Auto+Neigh.kDistance_l2_k50_div+RR N03,8.0,0.0,-0.0830383480825958,-0.028550536350535838,-0.053549098933431294
Group.Auto+Neigh.kDistance_l2_k50_div+RR N03,9.0,0.0,-0.08215339233038355,-0.0313980120500732,-0.05391688120632576
Group.Auto+Neigh.kDistance_l2_k50_div+RR N03,10.0,0.0,-0.07861356932153396,-0.017633336616801998,-0.04634056638470019
Group.Auto+Neigh.kDistance_l2_k50_div+RR N03,11.0,0.0,-0.09764011799410022,-0.01822913758405087,-0.05582934902537695
