Pipe,Perc_points,Perc_features,DELTA(AVG(Recall)),DELTA(AVG(Precision)),DELTA(AVG(Accuracy))
Group.Auto+Neigh.kDistance_l2_k50_div+Sink N15,0.0,0.0,-0.1110619469026548,-0.10705323950003276,-0.10849577050386161
Group.Auto+Neigh.kDistance_l2_k50_div+Sink N15,2.0,0.0,-0.08171091445427725,-0.10069556788286305,-0.08981243104082393
Group.Auto+Neigh.kDistance_l2_k50_div+Sink N15,3.0,0.0,-0.12684365781710927,-0.0742261665085755,-0.09577050386171393
Group.Auto+Neigh.kDistance_l2_k50_div+Sink N15,4.0,0.0,-0.08539823008849545,-0.07429126392464958,-0.07598381757999273
Group.Auto+Neigh.kDistance_l2_k50_div+Sink N15,5.0,0.0,-0.07035398230088497,-0.08930899179316276,-0.07568959176167711
Group.Auto+Neigh.kDistance_l2_k50_div+Sink N15,6.0,0.0,-0.12005899705014755,-0.06424213143960922,-0.08591393894814281
Group.Auto+Neigh.kDistance_l2_k50_div+Sink N15,7.0,0.0,-0.08436578171091436,-0.06654029615978396,-0.06965796248620826
Group.Auto+Neigh.kDistance_l2_k50_div+Sink N15,8.0,0.0,-0.06209439528023586,-0.051834775472624606,-0.05215152629643249
Group.Auto+Neigh.kDistance_l2_k50_div+Sink N15,9.0,0.0,-0.08126843657817118,-0.06419323265380439,-0.06575947039352692
Group.Auto+Neigh.kDistance_l2_k50_div+Sink N15,10.0,0.0,-0.01563421828908551,-0.05301408943056107,-0.02971680764987128
Group.Auto+Neigh.kDistance_l2_k50_div+Sink N15,11.0,0.0,-0.06828908554572266,-0.05798801800872222,-0.05590290547995569
