Pipe,Perc_points,Perc_features,DELTA(AVG(Recall)),DELTA(AVG(Precision)),DELTA(AVG(Accuracy))
Group.Auto+Neigh.kDistance_l2_k50_div+RR N27,0.0,0.0,-0.09675516224188785,-0.06350913523112356,-0.07877896285399044
Group.Auto+Neigh.kDistance_l2_k50_div+RR N27,2.0,0.0,-0.07876106194690247,-0.06007546425682708,-0.06759838175799937
Group.Auto+Neigh.kDistance_l2_k50_div+RR N27,3.0,0.0,-0.08539823008849567,-0.05364943217828644,-0.06723059948510468
Group.Auto+Neigh.kDistance_l2_k50_div+RR N27,4.0,0.0,-0.07286135693215323,-0.049505434839911544,-0.058992276572269464
Group.Auto+Neigh.kDistance_l2_k50_div+RR N27,5.0,0.0,-0.08362831858407083,-0.05361131863812396,-0.06598013975726358
Group.Auto+Neigh.kDistance_l2_k50_div+RR N27,6.0,0.0,-0.09218289085545717,-0.035793567841514884,-0.06149319602795156
Group.Auto+Neigh.kDistance_l2_k50_div+RR N27,7.0,0.0,-0.11445427728613566,-0.04280415733296705,-0.07502758367046702
Group.Auto+Neigh.kDistance_l2_k50_div+RR N27,8.0,0.0,-0.09542772861356918,-0.047208452695002956,-0.06774549466715696
Group.Auto+Neigh.kDistance_l2_k50_div+RR N27,9.0,0.0,-0.0912979351032448,-0.03453097154623974,-0.05965428466347922
Group.Auto+Neigh.kDistance_l2_k50_div+RR N27,10.0,0.0,-0.10206489675516228,-0.02690228393927896,-0.061566752482530296
Group.Auto+Neigh.kDistance_l2_k50_div+RR N27,11.0,0.0,-0.11401179941002937,-0.031078673039860782,-0.06892239794041921
