Pipe,Perc_points,Perc_features,DELTA(AVG(Recall)),DELTA(AVG(Precision)),DELTA(AVG(Accuracy))
Group.Auto+Neigh.kDistance_l2_k50_div+RR N09,0.0,0.0,-0.07949852507374633,-0.06236905053896391,-0.07017285766826031
Group.Auto+Neigh.kDistance_l2_k50_div+RR N09,2.0,0.0,-0.05796460176991158,-0.054593551606365254,-0.05509378447958824
Group.Auto+Neigh.kDistance_l2_k50_div+RR N09,3.0,0.0,-0.05339233038348101,-0.052885915801189065,-0.05178374402353825
Group.Auto+Neigh.kDistance_l2_k50_div+RR N09,4.0,0.0,-0.06592920353982301,-0.044390673667986214,-0.05325487311511601
Group.Auto+Neigh.kDistance_l2_k50_div+RR N09,5.0,0.0,-0.0705014749262537,-0.04319377593993645,-0.05479955866127251
Group.Auto+Neigh.kDistance_l2_k50_div+RR N09,6.0,0.0,-0.07168141592920352,-0.03990339510367724,-0.053549098933431516
Group.Auto+Neigh.kDistance_l2_k50_div+RR N09,7.0,0.0,-0.08008849557522124,-0.03981978846846679,-0.05730047811695482
Group.Auto+Neigh.kDistance_l2_k50_div+RR N09,8.0,0.0,-0.07389380530973444,-0.03403859039900614,-0.05156307465980148
Group.Auto+Neigh.kDistance_l2_k50_div+RR N09,9.0,0.0,-0.08171091445427725,-0.03653355437864225,-0.05590290547995591
Group.Auto+Neigh.kDistance_l2_k50_div+RR N09,10.0,0.0,-0.08215339233038355,-0.03134276136216241,-0.053769768297168063
Group.Auto+Neigh.kDistance_l2_k50_div+RR N09,11.0,0.0,-0.09882005899705015,-0.031559027275479545,-0.061787421846267065
