Pipe,Perc_points,Perc_features,DELTA(AVG(Recall)),DELTA(AVG(Precision)),DELTA(AVG(Accuracy))
Group.Auto+Neigh.kDistance_l2_k50_div+Sink N21,0.0,0.0,-0.10516224188790557,-0.10730258516889823,-0.10606840750275826
Group.Auto+Neigh.kDistance_l2_k50_div+Sink N21,2.0,0.0,-0.13259587020648955,-0.0754555799369051,-0.10011033468186825
Group.Auto+Neigh.kDistance_l2_k50_div+Sink N21,3.0,0.0,-0.14882005899705042,-0.090106079871898,-0.11415961750643622
Group.Auto+Neigh.kDistance_l2_k50_div+Sink N21,4.0,0.0,-0.06710914454277284,-0.11244528386021435,-0.08892975358587718
Group.Auto+Neigh.kDistance_l2_k50_div+Sink N21,5.0,0.0,-0.14513274336283188,-0.08240553496081215,-0.10812798823096725
Group.Auto+Neigh.kDistance_l2_k50_div+Sink N21,6.0,0.0,-0.11297935103244827,-0.08783734000880994,-0.09562339095255601
Group.Auto+Neigh.kDistance_l2_k50_div+Sink N21,7.0,0.0,-0.12743362831858407,-0.04653116792421519,-0.08282456785582937
Group.Auto+Neigh.kDistance_l2_k50_div+Sink N21,8.0,0.0,-0.17802359882005891,-0.049741174459925874,-0.10790731886723048
Group.Auto+Neigh.kDistance_l2_k50_div+Sink N21,9.0,0.0,-0.1405604719764012,-0.057918653045986423,-0.09290180213313715
Group.Auto+Neigh.kDistance_l2_k50_div+Sink N21,10.0,0.0,-0.13923303834808276,-0.043250443738455546,-0.08613460831187925
Group.Auto+Neigh.kDistance_l2_k50_div+Sink N21,11.0,0.0,-0.1432153392330383,-0.055326084037797485,-0.09260757631482164
