Pipe,Perc_points,Perc_features,DELTA(AVG(Recall)),DELTA(AVG(Precision)),DELTA(AVG(Accuracy))
Group.Auto+Neigh.kDistance_l2_k50_div+RR N33,0.0,0.0,-0.10648967551622412,-0.06889106149855129,-0.0860610518573004
Group.Auto+Neigh.kDistance_l2_k50_div+RR N33,2.0,0.0,-0.10044247787610616,-0.058584786357665175,-0.07701360794409717
Group.Auto+Neigh.kDistance_l2_k50_div+RR N33,3.0,0.0,-0.08584070796460197,-0.05141670778675811,-0.06634792203015816
Group.Auto+Neigh.kDistance_l2_k50_div+RR N33,4.0,0.0,-0.08244837758112089,-0.055254363422001185,-0.06627436557557942
Group.Auto+Neigh.kDistance_l2_k50_div+RR N33,5.0,0.0,-0.11548672566371676,-0.03425981983444737,-0.07223243839646909
Group.Auto+Neigh.kDistance_l2_k50_div+RR N33,6.0,0.0,-0.09690265486725647,-0.040578887075255254,-0.06590658330268495
Group.Auto+Neigh.kDistance_l2_k50_div+RR N33,7.0,0.0,-0.10191740412979344,-0.030447331058955585,-0.06362633321073918
Group.Auto+Neigh.kDistance_l2_k50_div+RR N33,8.0,0.0,-0.10398230088495564,-0.042178148059963005,-0.0695844060316293
Group.Auto+Neigh.kDistance_l2_k50_div+RR N33,9.0,0.0,-0.0995575221238938,-0.0301379748895908,-0.06178742184626684
Group.Auto+Neigh.kDistance_l2_k50_div+RR N33,10.0,0.0,-0.0938053097345134,-0.031262088888658446,-0.0593600588451636
Group.Auto+Neigh.kDistance_l2_k50_div+RR N33,11.0,0.0,-0.10280235988200592,-0.033154740073818245,-0.06436189775652801
