Pipe,Perc_points,Perc_features,DELTA(AVG(Recall)),DELTA(AVG(Precision)),DELTA(AVG(Accuracy))
Group.Auto+Neigh.kDistance_l2_k50_div+Sink N03,0.0,0.0,-0.06622418879056025,-0.054964151594619315,-0.060095623390952646
Group.Auto+Neigh.kDistance_l2_k50_div+Sink N03,2.0,0.0,-0.04867256637168127,-0.07195259201113302,-0.05980139757263703
Group.Auto+Neigh.kDistance_l2_k50_div+Sink N03,3.0,0.0,-0.08775811209439532,-0.03977383179280025,-0.061713865391688216
Group.Auto+Neigh.kDistance_l2_k50_div+Sink N03,4.0,0.0,-0.07094395280235988,-0.04462919270821486,-0.055755792570798324
Group.Auto+Neigh.kDistance_l2_k50_div+Sink N03,5.0,0.0,-0.09306784660766976,-0.052272992343677105,-0.0698786318499447
Group.Auto+Neigh.kDistance_l2_k50_div+Sink N03,6.0,0.0,-0.07389380530973444,-0.03936782804573424,-0.05435821993379908
Group.Auto+Neigh.kDistance_l2_k50_div+Sink N03,7.0,0.0,-0.0814159292035398,-0.028221787440440904,-0.05273997793306373
Group.Auto+Neigh.kDistance_l2_k50_div+Sink N03,8.0,0.0,-0.09926253687315634,-0.051535323506176844,-0.07149687385068049
Group.Auto+Neigh.kDistance_l2_k50_div+Sink N03,9.0,0.0,-0.07035398230088497,-0.05294937160127211,-0.05774181684442803
Group.Auto+Neigh.kDistance_l2_k50_div+Sink N03,10.0,0.0,-0.08200589970501482,-0.054645882290804026,-0.06377344611989699
Group.Auto+Neigh.kDistance_l2_k50_div+Sink N03,11.0,0.0,-0.08421828908554563,-0.03238058426475132,-0.05509378447958824
