Pipe,Perc_points,Perc_features,DELTA(AVG(Recall)),DELTA(AVG(Precision)),DELTA(AVG(Accuracy))
Group.Auto+Neigh.kDistance_l2_k50_div+Sink N21,0.0,0.0,-0.10516224188790557,-0.10730258516889823,-0.10606840750275826
Group.Auto+Neigh.kDistance_l2_k50_div+Sink N21,2.0,0.0,-0.12492625368731558,-0.0754555799369051,-0.09628539904376598
Group.Auto+Neigh.kDistance_l2_k50_div+Sink N21,3.0,0.0,-0.13097345132743377,-0.090106079871898,-0.10525928650239058
Group.Auto+Neigh.kDistance_l2_k50_div+Sink N21,4.0,0.0,-0.04188790560471978,-0.11244528386021435,-0.07635159985288698
Group.Auto+Neigh.kDistance_l2_k50_div+Sink N21,5.0,0.0,-0.10206489675516228,-0.08240553496081215,-0.08664950349393163
Group.Auto+Neigh.kDistance_l2_k50_div+Sink N21,6.0,0.0,-0.06253687315634238,-0.08783734000880994,-0.07046708348657593
Group.Auto+Neigh.kDistance_l2_k50_div+Sink N21,7.0,0.0,-0.06828908554572255,-0.04653116792421519,-0.05332842956969486
Group.Auto+Neigh.kDistance_l2_k50_div+Sink N21,8.0,0.0,-0.1063421828908554,-0.049741174459925874,-0.07215888194189024
Group.Auto+Neigh.kDistance_l2_k50_div+Sink N21,9.0,0.0,-0.07713864306784668,-0.057918653045986423,-0.06127252666421479
Group.Auto+Neigh.kDistance_l2_k50_div+Sink N21,10.0,0.0,-0.0632743362831859,-0.043250443738455546,-0.04825303420375138
Group.Auto+Neigh.kDistance_l2_k50_div+Sink N21,11.0,0.0,-0.054572271386430615,-0.055326084037797485,-0.048400147112909075
