Pipe,Perc_points,Perc_features,DELTA(AVG(Recall)),DELTA(AVG(Precision)),DELTA(AVG(Accuracy))
Group.Auto+Neigh.kDistance_l2_k50_div+Sink N33,0.0,0.0,-0.1572271386430678,-0.09640665248069669,-0.12342773078337621
Group.Auto+Neigh.kDistance_l2_k50_div+Sink N33,2.0,0.0,-0.1581120943952803,-0.08856556552744066,-0.11776388378080183
Group.Auto+Neigh.kDistance_l2_k50_div+Sink N33,3.0,0.0,-0.1581120943952803,-0.060302436690152006,-0.10386171386539156
Group.Auto+Neigh.kDistance_l2_k50_div+Sink N33,4.0,0.0,-0.12153392330383483,-0.09057741742486702,-0.10025744759102617
Group.Auto+Neigh.kDistance_l2_k50_div+Sink N33,5.0,0.0,-0.2084070796460178,-0.052434185859023374,-0.12305994851048185
Group.Auto+Neigh.kDistance_l2_k50_div+Sink N33,6.0,0.0,-0.14528023598820083,-0.061377925123196064,-0.09650606840750275
Group.Auto+Neigh.kDistance_l2_k50_div+Sink N33,7.0,0.0,-0.14513274336283166,-0.06199410627171997,-0.09599117322545059
Group.Auto+Neigh.kDistance_l2_k50_div+Sink N33,8.0,0.0,-0.12551622418879038,-0.05970521306303245,-0.08525193085693272
Group.Auto+Neigh.kDistance_l2_k50_div+Sink N33,9.0,0.0,-0.1575221238938055,-0.0696451862734172,-0.10334681868333939
Group.Auto+Neigh.kDistance_l2_k50_div+Sink N33,10.0,0.0,-0.10471976401179928,-0.04078617390662165,-0.06700993012136824
Group.Auto+Neigh.kDistance_l2_k50_div+Sink N33,11.0,0.0,-0.1016224188790561,-0.03874372373897794,-0.06436189775652801
