Pipe,Perc_points,Perc_features,DELTA(AVG(Recall)),DELTA(AVG(Precision)),DELTA(AVG(Accuracy))
Group.Auto+Neigh.kDistance_l2_k50_div+Sink N33,0.0,0.0,-0.1572271386430678,-0.09640665248069669,-0.12342773078337621
Group.Auto+Neigh.kDistance_l2_k50_div+Sink N33,2.0,0.0,-0.16578171091445426,-0.08856556552744066,-0.12158881941890409
Group.Auto+Neigh.kDistance_l2_k50_div+Sink N33,3.0,0.0,-0.17595870206489694,-0.060302436690152006,-0.1127620448694372
Group.Auto+Neigh.kDistance_l2_k50_div+Sink N33,4.0,0.0,-0.1467551622418879,-0.09057741742486702,-0.11283560132401638
Group.Auto+Neigh.kDistance_l2_k50_div+Sink N33,5.0,0.0,-0.2514749262536874,-0.052434185859023374,-0.14453843324751747
Group.Auto+Neigh.kDistance_l2_k50_div+Sink N33,6.0,0.0,-0.19572271386430673,-0.061377925123196064,-0.12166237587348283
Group.Auto+Neigh.kDistance_l2_k50_div+Sink N33,7.0,0.0,-0.20427728613569318,-0.06199410627171997,-0.1254873115115851
Group.Auto+Neigh.kDistance_l2_k50_div+Sink N33,8.0,0.0,-0.1971976401179939,-0.05970521306303245,-0.12100036778227297
Group.Auto+Neigh.kDistance_l2_k50_div+Sink N33,9.0,0.0,-0.22094395280236,-0.0696451862734172,-0.13497609415226175
Group.Auto+Neigh.kDistance_l2_k50_div+Sink N33,10.0,0.0,-0.18067846607669613,-0.04078617390662165,-0.10489150422949611
Group.Auto+Neigh.kDistance_l2_k50_div+Sink N33,11.0,0.0,-0.1902654867256638,-0.03874372373897794,-0.10856932695844057
