Pipe,Perc_points,Perc_features,DELTA(AVG(Recall)),DELTA(AVG(Precision)),DELTA(AVG(Accuracy))
Group.Auto+Neigh.kDistance_l2_k50_div+Sink N27,0.0,0.0,-0.1438053097345131,-0.1045009971812012,-0.12166237587348294
Group.Auto+Neigh.kDistance_l2_k50_div+Sink N27,2.0,0.0,-0.14926253687315627,-0.08979446683155534,-0.11467451268848838
Group.Auto+Neigh.kDistance_l2_k50_div+Sink N27,3.0,0.0,-0.14483775811209443,-0.08147452458642856,-0.1082015446855461
Group.Auto+Neigh.kDistance_l2_k50_div+Sink N27,4.0,0.0,-0.14306784660766958,-0.051696696295270295,-0.09319602795145299
Group.Auto+Neigh.kDistance_l2_k50_div+Sink N27,5.0,0.0,-0.15339233038348077,-0.07329716248033313,-0.10768664950349394
Group.Auto+Neigh.kDistance_l2_k50_div+Sink N27,6.0,0.0,-0.13362831858407065,-0.08524889248489909,-0.10371460095623386
Group.Auto+Neigh.kDistance_l2_k50_div+Sink N27,7.0,0.0,-0.18141592920353988,-0.07676484113444082,-0.12114748069143078
Group.Auto+Neigh.kDistance_l2_k50_div+Sink N27,8.0,0.0,-0.1737463126843657,-0.06588143951991121,-0.1126149319602795
Group.Auto+Neigh.kDistance_l2_k50_div+Sink N27,9.0,0.0,-0.1665191740412979,-0.0357083942397276,-0.09628539904376598
Group.Auto+Neigh.kDistance_l2_k50_div+Sink N27,10.0,0.0,-0.1570796460176992,-0.07129990489610827,-0.10584773813902171
Group.Auto+Neigh.kDistance_l2_k50_div+Sink N27,11.0,0.0,-0.2053097345132744,-0.04954118366220439,-0.11967635159985279
